No,Type1,American Style Victor Type SR450 Heavy Duty Regulator
2,American Style Victor Type SR460 Heavy Duty Regulator
3,American Style Victor Type SR350 Heavy Duty Regulator
4,American Style Heavy Duty Regulator
5,American Style Victor Type Heavy Duty Regulator
6,American Style Victor Type SR250 Medium Duty Regulator
7,American Style Victor Type SR260 Medium Duty Regulator
8,American Style Victor Type SR150 Light Duty Regulator
9,American Style Victor Type SR160 Light Duty Regulator
10,American Type Regulator
11,American Type Heavy Duty Regulator
12,American Style Harris Type Regulator
13,British Style Murex Type 300 Series Regulator
14,British Style Murex Type 300 Series Light Duty Regulator
15,British Type Regulator
16,Italy Type Regulator
17,Italy Model Mujelli Type Regulator
18,Italy Type Mini Regulator
19,Japan Model Yamato Type Regulator
20,Japan Model Tanaka Type Regulator
21,Japan Model Nakata Type Regulator
22,Russia Type Regulator
23,Germany Model Zinser Type Regulator
24,French Model SAF Type Regulator
25,South-East Asia Type Regulator
26,Australian Type Regulator
27,Switzerland Model Gloor Type Regulator
